{
  "relationships_blocked_users": [
    {
      "title": "ramviajando",
      "string_list_data": [
        {
          "href": "https://www.instagram.com/_u/ramviajando",
          "timestamp": 1730492151
        }
      ]
    },
    {
      "title": "naturebeauty__63",
      "string_list_data": [
        {
          "href": "https://www.instagram.com/_u/naturebeauty__63",
          "timestamp": 1725181627
        }
      ]
    },
    {
      "title": "br_fortuna_jogos_87170",
      "string_list_data": [
        {
          "href": "https://www.instagram.com/_u/br_fortuna_jogos_87170",
          "timestamp": 1722098324
        }
      ]
    },
    {
      "title": "dmittriy_86535",
      "string_list_data": [
        {
          "href": "https://www.instagram.com/_u/dmittriy_86535",
          "timestamp": 1719748280
        }
      ]
    },
    {
      "title": "profizic",
      "string_list_data": [
        {
          "href": "https://www.instagram.com/_u/profizic",
          "timestamp": 1717658337
        }
      ]
    },
    {
      "title": "johngcb23pk4ky",
      "string_list_data": [
        {
          "href": "https://www.instagram.com/_u/johngcb23pk4ky",
          "timestamp": 1714899073
        }
      ]
    },
    {
      "title": "isadora.upgram",
      "string_list_data": [
        {
          "href": "https://www.instagram.com/_u/isadora.upgram",
          "timestamp": 1690352437
        }
      ]
    },
    {
      "title": "1.cakk",
      "string_list_data": [
        {
          "href": "https://www.instagram.com/_u/1.cakk",
          "timestamp": 1681360866
        }
      ]
    },
    {
      "title": "hasnatabbasi797",
      "string_list_data": [
        {
          "href": "https://www.instagram.com/_u/hasnatabbasi797",
          "timestamp": 1633636818
        }
      ]
    },
    {
      "title": "eduardovillanuevabriones",
      "string_list_data": [
        {
          "href": "https://www.instagram.com/_u/eduardovillanuevabriones",
          "timestamp": 1633293737
        }
      ]
    },
    {
      "title": "naseemkanzler",
      "string_list_data": [
        {
          "href": "https://www.instagram.com/_u/naseemkanzler",
          "timestamp": 1633268339
        }
      ]
    },
    {
      "title": "jkpawan03gmail.com9199",
      "string_list_data": [
        {
          "href": "https://www.instagram.com/_u/jkpawan03gmail.com9199",
          "timestamp": 1632984768
        }
      ]
    },
    {
      "title": "sarfrazgujjar786",
      "string_list_data": [
        {
          "href": "https://www.instagram.com/_u/sarfrazgujjar786",
          "timestamp": 1632865184
        }
      ]
    },
    {
      "title": "hsiunaranjo",
      "string_list_data": [
        {
          "href": "https://www.instagram.com/_u/hsiunaranjo",
          "timestamp": 1624339240
        }
      ]
    },
    {
      "title": "afetnalbantoglu5713770",
      "string_list_data": [
        {
          "href": "https://www.instagram.com/_u/afetnalbantoglu5713770",
          "timestamp": 1617212389
        }
      ]
    }
  ]
}