{
  "relationships_following_hashtags": [
    {
      "title": "",
      "media_list_data": [
        
      ],
      "string_list_data": [
        {
          "href": "https://www.instagram.com/generativeart",
          "value": "generativeart",
          "timestamp": 1640813731
        }
      ]
    },
    {
      "title": "",
      "media_list_data": [
        
      ],
      "string_list_data": [
        {
          "href": "https://www.instagram.com/datapainting",
          "value": "datapainting",
          "timestamp": 1639291083
        }
      ]
    }
  ]
}