{
  "relationships_follow_requests_sent": [
    {
      "title": "",
      "media_list_data": [
        
      ],
      "string_list_data": [
        {
          "href": "https://www.instagram.com/henri_quesilva05",
          "value": "henri_quesilva05",
          "timestamp": 1733849232
        }
      ]
    },
    {
      "title": "",
      "media_list_data": [
        
      ],
      "string_list_data": [
        {
          "href": "https://www.instagram.com/bruno_sottam",
          "value": "bruno_sottam",
          "timestamp": 1733694713
        }
      ]
    },
    {
      "title": "",
      "media_list_data": [
        
      ],
      "string_list_data": [
        {
          "href": "https://www.instagram.com/ivo_kul",
          "value": "ivo_kul",
          "timestamp": 1732483643
        }
      ]
    },
    {
      "title": "",
      "media_list_data": [
        
      ],
      "string_list_data": [
        {
          "href": "https://www.instagram.com/romulocosta447",
          "value": "romulocosta447",
          "timestamp": 1731733043
        }
      ]
    },
    {
      "title": "",
      "media_list_data": [
        
      ],
      "string_list_data": [
        {
          "href": "https://www.instagram.com/igorbuarque",
          "value": "igorbuarque",
          "timestamp": 1731731393
        }
      ]
    },
    {
      "title": "",
      "media_list_data": [
        
      ],
      "string_list_data": [
        {
          "href": "https://www.instagram.com/pedrofapeixoto",
          "value": "pedrofapeixoto",
          "timestamp": 1730904035
        }
      ]
    },
    {
      "title": "",
      "media_list_data": [
        
      ],
      "string_list_data": [
        {
          "href": "https://www.instagram.com/to.th3_ring",
          "value": "to.th3_ring",
          "timestamp": 1730651847
        }
      ]
    },
    {
      "title": "",
      "media_list_data": [
        
      ],
      "string_list_data": [
        {
          "href": "https://www.instagram.com/joao.roque_1990",
          "value": "joao.roque_1990",
          "timestamp": 1730569598
        }
      ]
    },
    {
      "title": "",
      "media_list_data": [
        
      ],
      "string_list_data": [
        {
          "href": "https://www.instagram.com/mariano.siete",
          "value": "mariano.siete",
          "timestamp": 1730528446
        }
      ]
    },
    {
      "title": "",
      "media_list_data": [
        
      ],
      "string_list_data": [
        {
          "href": "https://www.instagram.com/xiskuh",
          "value": "xiskuh",
          "timestamp": 1730468596
        }
      ]
    },
    {
      "title": "",
      "media_list_data": [
        
      ],
      "string_list_data": [
        {
          "href": "https://www.instagram.com/nuno5905",
          "value": "nuno5905",
          "timestamp": 1730465784
        }
      ]
    },
    {
      "title": "",
      "media_list_data": [
        
      ],
      "string_list_data": [
        {
          "href": "https://www.instagram.com/jorgefcmarques",
          "value": "jorgefcmarques",
          "timestamp": 1730439220
        }
      ]
    },
    {
      "title": "",
      "media_list_data": [
        
      ],
      "string_list_data": [
        {
          "href": "https://www.instagram.com/beardsparta",
          "value": "beardsparta",
          "timestamp": 1730273691
        }
      ]
    },
    {
      "title": "",
      "media_list_data": [
        
      ],
      "string_list_data": [
        {
          "href": "https://www.instagram.com/julio_brandao_de_souza",
          "value": "julio_brandao_de_souza",
          "timestamp": 1730248796
        }
      ]
    },
    {
      "title": "",
      "media_list_data": [
        
      ],
      "string_list_data": [
        {
          "href": "https://www.instagram.com/dawidh_78",
          "value": "dawidh_78",
          "timestamp": 1730228699
        }
      ]
    },
    {
      "title": "",
      "media_list_data": [
        
      ],
      "string_list_data": [
        {
          "href": "https://www.instagram.com/ric_luis_",
          "value": "ric_luis_",
          "timestamp": 1730148157
        }
      ]
    }
  ]
}