{
  "relationships_unfollowed_users": [
    {
      "title": "",
      "media_list_data": [
        
      ],
      "string_list_data": [
        {
          "href": "https://www.instagram.com/fredacun",
          "value": "fredacun",
          "timestamp": 1733860341
        }
      ]
    },
    {
      "title": "",
      "media_list_data": [
        
      ],
      "string_list_data": [
        {
          "href": "https://www.instagram.com/hedmatos",
          "value": "hedmatos",
          "timestamp": 1733750928
        }
      ]
    },
    {
      "title": "",
      "media_list_data": [
        
      ],
      "string_list_data": [
        {
          "href": "https://www.instagram.com/_.goncalo._fernandez._",
          "value": "_.goncalo._fernandez._",
          "timestamp": 1733149571
        }
      ]
    },
    {
      "title": "",
      "media_list_data": [
        
      ],
      "string_list_data": [
        {
          "href": "https://www.instagram.com/pandrelima",
          "value": "pandrelima",
          "timestamp": 1733103259
        }
      ]
    },
    {
      "title": "",
      "media_list_data": [
        
      ],
      "string_list_data": [
        {
          "href": "https://www.instagram.com/thiagomarmota",
          "value": "thiagomarmota",
          "timestamp": 1733077154
        }
      ]
    },
    {
      "title": "",
      "media_list_data": [
        
      ],
      "string_list_data": [
        {
          "href": "https://www.instagram.com/bigodes451_",
          "value": "bigodes451_",
          "timestamp": 1732595206
        }
      ]
    },
    {
      "title": "",
      "media_list_data": [
        
      ],
      "string_list_data": [
        {
          "href": "https://www.instagram.com/__baixinho_24_",
          "value": "__baixinho_24_",
          "timestamp": 1732484449
        }
      ]
    },
    {
      "title": "",
      "media_list_data": [
        
      ],
      "string_list_data": [
        {
          "href": "https://www.instagram.com/marto.leal",
          "value": "marto.leal",
          "timestamp": 1732141037
        }
      ]
    },
    {
      "title": "",
      "media_list_data": [
        
      ],
      "string_list_data": [
        {
          "href": "https://www.instagram.com/sergiodelamancha85",
          "value": "sergiodelamancha85",
          "timestamp": 1731943601
        }
      ]
    },
    {
      "title": "",
      "media_list_data": [
        
      ],
      "string_list_data": [
        {
          "href": "https://www.instagram.com/lowprofe",
          "value": "lowprofe",
          "timestamp": 1731684338
        }
      ]
    },
    {
      "title": "",
      "media_list_data": [
        
      ],
      "string_list_data": [
        {
          "href": "https://www.instagram.com/aslanpahari",
          "value": "aslanpahari",
          "timestamp": 1731684298
        }
      ]
    },
    {
      "title": "",
      "media_list_data": [
        
      ],
      "string_list_data": [
        {
          "href": "https://www.instagram.com/theafonses",
          "value": "theafonses",
          "timestamp": 1731370333
        }
      ]
    },
    {
      "title": "",
      "media_list_data": [
        
      ],
      "string_list_data": [
        {
          "href": "https://www.instagram.com/nelson_peartree",
          "value": "nelson_peartree",
          "timestamp": 1731335246
        }
      ]
    },
    {
      "title": "",
      "media_list_data": [
        
      ],
      "string_list_data": [
        {
          "href": "https://www.instagram.com/dlt.tito.dlt",
          "value": "dlt.tito.dlt",
          "timestamp": 1731046403
        }
      ]
    },
    {
      "title": "",
      "media_list_data": [
        
      ],
      "string_list_data": [
        {
          "href": "https://www.instagram.com/zambombon",
          "value": "zambombon",
          "timestamp": 1730793923
        }
      ]
    },
    {
      "title": "",
      "media_list_data": [
        
      ],
      "string_list_data": [
        {
          "href": "https://www.instagram.com/j_o_j",
          "value": "j_o_j",
          "timestamp": 1730754835
        }
      ]
    },
    {
      "title": "",
      "media_list_data": [
        
      ],
      "string_list_data": [
        {
          "href": "https://www.instagram.com/pm.ramos.r",
          "value": "pm.ramos.r",
          "timestamp": 1730747776
        }
      ]
    },
    {
      "title": "",
      "media_list_data": [
        
      ],
      "string_list_data": [
        {
          "href": "https://www.instagram.com/sweet.bear85",
          "value": "sweet.bear85",
          "timestamp": 1730567049
        }
      ]
    },
    {
      "title": "",
      "media_list_data": [
        
      ],
      "string_list_data": [
        {
          "href": "https://www.instagram.com/nunorosetacunha",
          "value": "nunorosetacunha",
          "timestamp": 1730499309
        }
      ]
    },
    {
      "title": "",
      "media_list_data": [
        
      ],
      "string_list_data": [
        {
          "href": "https://www.instagram.com/antonioedentorremolinos",
          "value": "antonioedentorremolinos",
          "timestamp": 1730483637
        }
      ]
    },
    {
      "title": "",
      "media_list_data": [
        
      ],
      "string_list_data": [
        {
          "href": "https://www.instagram.com/tiagorafonso",
          "value": "tiagorafonso",
          "timestamp": 1730481560
        }
      ]
    },
    {
      "title": "",
      "media_list_data": [
        
      ],
      "string_list_data": [
        {
          "href": "https://www.instagram.com/santosrui",
          "value": "santosrui",
          "timestamp": 1730479741
        }
      ]
    },
    {
      "title": "",
      "media_list_data": [
        
      ],
      "string_list_data": [
        {
          "href": "https://www.instagram.com/sacp1986",
          "value": "sacp1986",
          "timestamp": 1730479553
        }
      ]
    },
    {
      "title": "",
      "media_list_data": [
        
      ],
      "string_list_data": [
        {
          "href": "https://www.instagram.com/pedrolorencine",
          "value": "pedrolorencine",
          "timestamp": 1730478257
        }
      ]
    },
    {
      "title": "",
      "media_list_data": [
        
      ],
      "string_list_data": [
        {
          "href": "https://www.instagram.com/nunofsky",
          "value": "nunofsky",
          "timestamp": 1730397947
        }
      ]
    },
    {
      "title": "",
      "media_list_data": [
        
      ],
      "string_list_data": [
        {
          "href": "https://www.instagram.com/pedro70rc",
          "value": "pedro70rc",
          "timestamp": 1730397944
        }
      ]
    },
    {
      "title": "",
      "media_list_data": [
        
      ],
      "string_list_data": [
        {
          "href": "https://www.instagram.com/joolour",
          "value": "joolour",
          "timestamp": 1730397883
        }
      ]
    },
    {
      "title": "",
      "media_list_data": [
        
      ],
      "string_list_data": [
        {
          "href": "https://www.instagram.com/pedrovilar18",
          "value": "pedrovilar18",
          "timestamp": 1730377315
        }
      ]
    },
    {
      "title": "",
      "media_list_data": [
        
      ],
      "string_list_data": [
        {
          "href": "https://www.instagram.com/felipecorreiaoliveira",
          "value": "felipecorreiaoliveira",
          "timestamp": 1730148221
        }
      ]
    },
    {
      "title": "",
      "media_list_data": [
        
      ],
      "string_list_data": [
        {
          "href": "https://www.instagram.com/magalhofa",
          "value": "magalhofa",
          "timestamp": 1730148211
        }
      ]
    },
    {
      "title": "",
      "media_list_data": [
        
      ],
      "string_list_data": [
        {
          "href": "https://www.instagram.com/saltycaramelroses",
          "value": "saltycaramelroses",
          "timestamp": 1730148202
        }
      ]
    },
    {
      "title": "",
      "media_list_data": [
        
      ],
      "string_list_data": [
        {
          "href": "https://www.instagram.com/husk3h",
          "value": "husk3h",
          "timestamp": 1730148194
        }
      ]
    },
    {
      "title": "",
      "media_list_data": [
        
      ],
      "string_list_data": [
        {
          "href": "https://www.instagram.com/mruibraz",
          "value": "mruibraz",
          "timestamp": 1730148182
        }
      ]
    },
    {
      "title": "",
      "media_list_data": [
        
      ],
      "string_list_data": [
        {
          "href": "https://www.instagram.com/toze.pg",
          "value": "toze.pg",
          "timestamp": 1730148174
        }
      ]
    },
    {
      "title": "",
      "media_list_data": [
        
      ],
      "string_list_data": [
        {
          "href": "https://www.instagram.com/renatoseraglia",
          "value": "renatoseraglia",
          "timestamp": 1730148165
        }
      ]
    },
    {
      "title": "",
      "media_list_data": [
        
      ],
      "string_list_data": [
        {
          "href": "https://www.instagram.com/ric_luis_",
          "value": "ric_luis_",
          "timestamp": 1730148155
        }
      ]
    },
    {
      "title": "",
      "media_list_data": [
        
      ],
      "string_list_data": [
        {
          "href": "https://www.instagram.com/ricardocelorinda",
          "value": "ricardocelorinda",
          "timestamp": 1730148128
        }
      ]
    },
    {
      "title": "",
      "media_list_data": [
        
      ],
      "string_list_data": [
        {
          "href": "https://www.instagram.com/mralgonca",
          "value": "mralgonca",
          "timestamp": 1730148118
        }
      ]
    },
    {
      "title": "",
      "media_list_data": [
        
      ],
      "string_list_data": [
        {
          "href": "https://www.instagram.com/andrade3441",
          "value": "andrade3441",
          "timestamp": 1730148110
        }
      ]
    },
    {
      "title": "",
      "media_list_data": [
        
      ],
      "string_list_data": [
        {
          "href": "https://www.instagram.com/sandrommpereira",
          "value": "sandrommpereira",
          "timestamp": 1730148102
        }
      ]
    },
    {
      "title": "",
      "media_list_data": [
        
      ],
      "string_list_data": [
        {
          "href": "https://www.instagram.com/hitzblitz",
          "value": "hitzblitz",
          "timestamp": 1730148094
        }
      ]
    },
    {
      "title": "",
      "media_list_data": [
        
      ],
      "string_list_data": [
        {
          "href": "https://www.instagram.com/moliveira26",
          "value": "moliveira26",
          "timestamp": 1730148085
        }
      ]
    },
    {
      "title": "",
      "media_list_data": [
        
      ],
      "string_list_data": [
        {
          "href": "https://www.instagram.com/fernandomcaseiro",
          "value": "fernandomcaseiro",
          "timestamp": 1730148074
        }
      ]
    },
    {
      "title": "",
      "media_list_data": [
        
      ],
      "string_list_data": [
        {
          "href": "https://www.instagram.com/oleaodeodivelas",
          "value": "oleaodeodivelas",
          "timestamp": 1730148062
        }
      ]
    },
    {
      "title": "",
      "media_list_data": [
        
      ],
      "string_list_data": [
        {
          "href": "https://www.instagram.com/hugoroquetealvim",
          "value": "hugoroquetealvim",
          "timestamp": 1730148055
        }
      ]
    },
    {
      "title": "",
      "media_list_data": [
        
      ],
      "string_list_data": [
        {
          "href": "https://www.instagram.com/joaorepereira97",
          "value": "joaorepereira97",
          "timestamp": 1730148047
        }
      ]
    },
    {
      "title": "",
      "media_list_data": [
        
      ],
      "string_list_data": [
        {
          "href": "https://www.instagram.com/krokete",
          "value": "krokete",
          "timestamp": 1730148036
        }
      ]
    },
    {
      "title": "",
      "media_list_data": [
        
      ],
      "string_list_data": [
        {
          "href": "https://www.instagram.com/edununes.7",
          "value": "edununes.7",
          "timestamp": 1730148027
        }
      ]
    },
    {
      "title": "",
      "media_list_data": [
        
      ],
      "string_list_data": [
        {
          "href": "https://www.instagram.com/pedroa_dreamer",
          "value": "pedroa_dreamer",
          "timestamp": 1730148015
        }
      ]
    },
    {
      "title": "",
      "media_list_data": [
        
      ],
      "string_list_data": [
        {
          "href": "https://www.instagram.com/ursino_dan",
          "value": "ursino_dan",
          "timestamp": 1730148007
        }
      ]
    },
    {
      "title": "",
      "media_list_data": [
        
      ],
      "string_list_data": [
        {
          "href": "https://www.instagram.com/josegoncalves161956",
          "value": "josegoncalves161956",
          "timestamp": 1730147998
        }
      ]
    },
    {
      "title": "",
      "media_list_data": [
        
      ],
      "string_list_data": [
        {
          "href": "https://www.instagram.com/rui_correia_costa",
          "value": "rui_correia_costa",
          "timestamp": 1730147990
        }
      ]
    },
    {
      "title": "",
      "media_list_data": [
        
      ],
      "string_list_data": [
        {
          "href": "https://www.instagram.com/macoutpa",
          "value": "macoutpa",
          "timestamp": 1730147976
        }
      ]
    },
    {
      "title": "",
      "media_list_data": [
        
      ],
      "string_list_data": [
        {
          "href": "https://www.instagram.com/boock666",
          "value": "boock666",
          "timestamp": 1730147968
        }
      ]
    },
    {
      "title": "",
      "media_list_data": [
        
      ],
      "string_list_data": [
        {
          "href": "https://www.instagram.com/ricavida",
          "value": "ricavida",
          "timestamp": 1730147960
        }
      ]
    },
    {
      "title": "",
      "media_list_data": [
        
      ],
      "string_list_data": [
        {
          "href": "https://www.instagram.com/tomefilipe39",
          "value": "tomefilipe39",
          "timestamp": 1730147953
        }
      ]
    },
    {
      "title": "",
      "media_list_data": [
        
      ],
      "string_list_data": [
        {
          "href": "https://www.instagram.com/gzalo_portu",
          "value": "gzalo_portu",
          "timestamp": 1730147945
        }
      ]
    },
    {
      "title": "",
      "media_list_data": [
        
      ],
      "string_list_data": [
        {
          "href": "https://www.instagram.com/renatosreis",
          "value": "renatosreis",
          "timestamp": 1730147937
        }
      ]
    },
    {
      "title": "",
      "media_list_data": [
        
      ],
      "string_list_data": [
        {
          "href": "https://www.instagram.com/hpp",
          "value": "hpp",
          "timestamp": 1730147929
        }
      ]
    },
    {
      "title": "",
      "media_list_data": [
        
      ],
      "string_list_data": [
        {
          "href": "https://www.instagram.com/pigiu_lx",
          "value": "pigiu_lx",
          "timestamp": 1730147917
        }
      ]
    },
    {
      "title": "",
      "media_list_data": [
        
      ],
      "string_list_data": [
        {
          "href": "https://www.instagram.com/igorb_ear",
          "value": "igorb_ear",
          "timestamp": 1730147908
        }
      ]
    },
    {
      "title": "",
      "media_list_data": [
        
      ],
      "string_list_data": [
        {
          "href": "https://www.instagram.com/luisffmateus",
          "value": "luisffmateus",
          "timestamp": 1730147896
        }
      ]
    },
    {
      "title": "",
      "media_list_data": [
        
      ],
      "string_list_data": [
        {
          "href": "https://www.instagram.com/6644.fred",
          "value": "6644.fred",
          "timestamp": 1730147886
        }
      ]
    },
    {
      "title": "",
      "media_list_data": [
        
      ],
      "string_list_data": [
        {
          "href": "https://www.instagram.com/_aceraider_",
          "value": "_aceraider_",
          "timestamp": 1730147875
        }
      ]
    },
    {
      "title": "",
      "media_list_data": [
        
      ],
      "string_list_data": [
        {
          "href": "https://www.instagram.com/miguelpaulino_",
          "value": "miguelpaulino_",
          "timestamp": 1730147865
        }
      ]
    },
    {
      "title": "",
      "media_list_data": [
        
      ],
      "string_list_data": [
        {
          "href": "https://www.instagram.com/l.p.11.11",
          "value": "l.p.11.11",
          "timestamp": 1730147855
        }
      ]
    },
    {
      "title": "",
      "media_list_data": [
        
      ],
      "string_list_data": [
        {
          "href": "https://www.instagram.com/rufravet",
          "value": "rufravet",
          "timestamp": 1730147842
        }
      ]
    },
    {
      "title": "",
      "media_list_data": [
        
      ],
      "string_list_data": [
        {
          "href": "https://www.instagram.com/jonatas_c_r_alves",
          "value": "jonatas_c_r_alves",
          "timestamp": 1730147831
        }
      ]
    },
    {
      "title": "",
      "media_list_data": [
        
      ],
      "string_list_data": [
        {
          "href": "https://www.instagram.com/ze.hrq.cgo",
          "value": "ze.hrq.cgo",
          "timestamp": 1730147819
        }
      ]
    },
    {
      "title": "",
      "media_list_data": [
        
      ],
      "string_list_data": [
        {
          "href": "https://www.instagram.com/manchego1965",
          "value": "manchego1965",
          "timestamp": 1730147811
        }
      ]
    },
    {
      "title": "",
      "media_list_data": [
        
      ],
      "string_list_data": [
        {
          "href": "https://www.instagram.com/petar.stefanac",
          "value": "petar.stefanac",
          "timestamp": 1730147803
        }
      ]
    },
    {
      "title": "",
      "media_list_data": [
        
      ],
      "string_list_data": [
        {
          "href": "https://www.instagram.com/duh.votu",
          "value": "duh.votu",
          "timestamp": 1730147765
        }
      ]
    },
    {
      "title": "",
      "media_list_data": [
        
      ],
      "string_list_data": [
        {
          "href": "https://www.instagram.com/casipato",
          "value": "casipato",
          "timestamp": 1730147754
        }
      ]
    },
    {
      "title": "",
      "media_list_data": [
        
      ],
      "string_list_data": [
        {
          "href": "https://www.instagram.com/pedroacponte",
          "value": "pedroacponte",
          "timestamp": 1730145728
        }
      ]
    },
    {
      "title": "",
      "media_list_data": [
        
      ],
      "string_list_data": [
        {
          "href": "https://www.instagram.com/cashewbert",
          "value": "cashewbert",
          "timestamp": 1730145687
        }
      ]
    },
    {
      "title": "",
      "media_list_data": [
        
      ],
      "string_list_data": [
        {
          "href": "https://www.instagram.com/gaugusto101",
          "value": "gaugusto101",
          "timestamp": 1730145523
        }
      ]
    },
    {
      "title": "",
      "media_list_data": [
        
      ],
      "string_list_data": [
        {
          "href": "https://www.instagram.com/mariocorreiaphoto",
          "value": "mariocorreiaphoto",
          "timestamp": 1730145510
        }
      ]
    },
    {
      "title": "",
      "media_list_data": [
        
      ],
      "string_list_data": [
        {
          "href": "https://www.instagram.com/_gabrielmoreno",
          "value": "_gabrielmoreno",
          "timestamp": 1730145498
        }
      ]
    },
    {
      "title": "",
      "media_list_data": [
        
      ],
      "string_list_data": [
        {
          "href": "https://www.instagram.com/ritaalvelos",
          "value": "ritaalvelos",
          "timestamp": 1730145488
        }
      ]
    },
    {
      "title": "",
      "media_list_data": [
        
      ],
      "string_list_data": [
        {
          "href": "https://www.instagram.com/ponpoart",
          "value": "ponpoart",
          "timestamp": 1730145482
        }
      ]
    },
    {
      "title": "",
      "media_list_data": [
        
      ],
      "string_list_data": [
        {
          "href": "https://www.instagram.com/fabiomigueldvm",
          "value": "fabiomigueldvm",
          "timestamp": 1730145470
        }
      ]
    },
    {
      "title": "",
      "media_list_data": [
        
      ],
      "string_list_data": [
        {
          "href": "https://www.instagram.com/iuliano.alessandro",
          "value": "iuliano.alessandro",
          "timestamp": 1730145438
        }
      ]
    },
    {
      "title": "",
      "media_list_data": [
        
      ],
      "string_list_data": [
        {
          "href": "https://www.instagram.com/borges.19",
          "value": "borges.19",
          "timestamp": 1730145421
        }
      ]
    },
    {
      "title": "",
      "media_list_data": [
        
      ],
      "string_list_data": [
        {
          "href": "https://www.instagram.com/arymaid",
          "value": "arymaid",
          "timestamp": 1730145395
        }
      ]
    },
    {
      "title": "",
      "media_list_data": [
        
      ],
      "string_list_data": [
        {
          "href": "https://www.instagram.com/luisgomes.consultor.c21",
          "value": "luisgomes.consultor.c21",
          "timestamp": 1730145348
        }
      ]
    },
    {
      "title": "",
      "media_list_data": [
        
      ],
      "string_list_data": [
        {
          "href": "https://www.instagram.com/joao_pf_oliveira",
          "value": "joao_pf_oliveira",
          "timestamp": 1730145304
        }
      ]
    },
    {
      "title": "",
      "media_list_data": [
        
      ],
      "string_list_data": [
        {
          "href": "https://www.instagram.com/alexnngarcia",
          "value": "alexnngarcia",
          "timestamp": 1730145255
        }
      ]
    },
    {
      "title": "",
      "media_list_data": [
        
      ],
      "string_list_data": [
        {
          "href": "https://www.instagram.com/joaolourenco14",
          "value": "joaolourenco14",
          "timestamp": 1730145197
        }
      ]
    },
    {
      "title": "",
      "media_list_data": [
        
      ],
      "string_list_data": [
        {
          "href": "https://www.instagram.com/xxjorge_castroxx",
          "value": "xxjorge_castroxx",
          "timestamp": 1730145174
        }
      ]
    },
    {
      "title": "",
      "media_list_data": [
        
      ],
      "string_list_data": [
        {
          "href": "https://www.instagram.com/joao.neves.31945",
          "value": "joao.neves.31945",
          "timestamp": 1730145141
        }
      ]
    },
    {
      "title": "",
      "media_list_data": [
        
      ],
      "string_list_data": [
        {
          "href": "https://www.instagram.com/alice_w_r",
          "value": "alice_w_r",
          "timestamp": 1730145007
        }
      ]
    },
    {
      "title": "",
      "media_list_data": [
        
      ],
      "string_list_data": [
        {
          "href": "https://www.instagram.com/mike_onions",
          "value": "mike_onions",
          "timestamp": 1730144983
        }
      ]
    },
    {
      "title": "",
      "media_list_data": [
        
      ],
      "string_list_data": [
        {
          "href": "https://www.instagram.com/_.ricardocouto",
          "value": "_.ricardocouto",
          "timestamp": 1730144961
        }
      ]
    },
    {
      "title": "",
      "media_list_data": [
        
      ],
      "string_list_data": [
        {
          "href": "https://www.instagram.com/didistopia",
          "value": "didistopia",
          "timestamp": 1730144910
        }
      ]
    },
    {
      "title": "",
      "media_list_data": [
        
      ],
      "string_list_data": [
        {
          "href": "https://www.instagram.com/nelioroda",
          "value": "nelioroda",
          "timestamp": 1730144894
        }
      ]
    },
    {
      "title": "",
      "media_list_data": [
        
      ],
      "string_list_data": [
        {
          "href": "https://www.instagram.com/valentimquaresma",
          "value": "valentimquaresma",
          "timestamp": 1730144874
        }
      ]
    },
    {
      "title": "",
      "media_list_data": [
        
      ],
      "string_list_data": [
        {
          "href": "https://www.instagram.com/deilonnobre",
          "value": "deilonnobre",
          "timestamp": 1730144834
        }
      ]
    },
    {
      "title": "",
      "media_list_data": [
        
      ],
      "string_list_data": [
        {
          "href": "https://www.instagram.com/jjrumseyteixeira",
          "value": "jjrumseyteixeira",
          "timestamp": 1730144823
        }
      ]
    },
    {
      "title": "",
      "media_list_data": [
        
      ],
      "string_list_data": [
        {
          "href": "https://www.instagram.com/nunot_cn",
          "value": "nunot_cn",
          "timestamp": 1730144770
        }
      ]
    },
    {
      "title": "",
      "media_list_data": [
        
      ],
      "string_list_data": [
        {
          "href": "https://www.instagram.com/pbenardguedes",
          "value": "pbenardguedes",
          "timestamp": 1730144762
        }
      ]
    },
    {
      "title": "",
      "media_list_data": [
        
      ],
      "string_list_data": [
        {
          "href": "https://www.instagram.com/oscar.urbano",
          "value": "oscar.urbano",
          "timestamp": 1730144734
        }
      ]
    },
    {
      "title": "",
      "media_list_data": [
        
      ],
      "string_list_data": [
        {
          "href": "https://www.instagram.com/danilotecoliveira",
          "value": "danilotecoliveira",
          "timestamp": 1730144720
        }
      ]
    },
    {
      "title": "",
      "media_list_data": [
        
      ],
      "string_list_data": [
        {
          "href": "https://www.instagram.com/abguedes",
          "value": "abguedes",
          "timestamp": 1730144712
        }
      ]
    },
    {
      "title": "",
      "media_list_data": [
        
      ],
      "string_list_data": [
        {
          "href": "https://www.instagram.com/mmarques1991",
          "value": "mmarques1991",
          "timestamp": 1730144686
        }
      ]
    },
    {
      "title": "",
      "media_list_data": [
        
      ],
      "string_list_data": [
        {
          "href": "https://www.instagram.com/luisdobo",
          "value": "luisdobo",
          "timestamp": 1730144677
        }
      ]
    },
    {
      "title": "",
      "media_list_data": [
        
      ],
      "string_list_data": [
        {
          "href": "https://www.instagram.com/noisecannon",
          "value": "noisecannon",
          "timestamp": 1730144663
        }
      ]
    },
    {
      "title": "",
      "media_list_data": [
        
      ],
      "string_list_data": [
        {
          "href": "https://www.instagram.com/wellington0206",
          "value": "wellington0206",
          "timestamp": 1730144640
        }
      ]
    },
    {
      "title": "",
      "media_list_data": [
        
      ],
      "string_list_data": [
        {
          "href": "https://www.instagram.com/nuno.veiga.9",
          "value": "nuno.veiga.9",
          "timestamp": 1730144624
        }
      ]
    },
    {
      "title": "",
      "media_list_data": [
        
      ],
      "string_list_data": [
        {
          "href": "https://www.instagram.com/na.cama.com.os.livros",
          "value": "na.cama.com.os.livros",
          "timestamp": 1730144472
        }
      ]
    },
    {
      "title": "",
      "media_list_data": [
        
      ],
      "string_list_data": [
        {
          "href": "https://www.instagram.com/antoniopinto4996",
          "value": "antoniopinto4996",
          "timestamp": 1730144452
        }
      ]
    },
    {
      "title": "",
      "media_list_data": [
        
      ],
      "string_list_data": [
        {
          "href": "https://www.instagram.com/mi.leche",
          "value": "mi.leche",
          "timestamp": 1730144429
        }
      ]
    },
    {
      "title": "",
      "media_list_data": [
        
      ],
      "string_list_data": [
        {
          "href": "https://www.instagram.com/pedrom_fontes",
          "value": "pedrom_fontes",
          "timestamp": 1730144401
        }
      ]
    },
    {
      "title": "",
      "media_list_data": [
        
      ],
      "string_list_data": [
        {
          "href": "https://www.instagram.com/itsmaxwel",
          "value": "itsmaxwel",
          "timestamp": 1730144360
        }
      ]
    },
    {
      "title": "",
      "media_list_data": [
        
      ],
      "string_list_data": [
        {
          "href": "https://www.instagram.com/webbpaulo",
          "value": "webbpaulo",
          "timestamp": 1730144343
        }
      ]
    },
    {
      "title": "",
      "media_list_data": [
        
      ],
      "string_list_data": [
        {
          "href": "https://www.instagram.com/radoslav_mirga",
          "value": "radoslav_mirga",
          "timestamp": 1730144311
        }
      ]
    },
    {
      "title": "",
      "media_list_data": [
        
      ],
      "string_list_data": [
        {
          "href": "https://www.instagram.com/sou_o_resende_07",
          "value": "sou_o_resende_07",
          "timestamp": 1730144295
        }
      ]
    },
    {
      "title": "",
      "media_list_data": [
        
      ],
      "string_list_data": [
        {
          "href": "https://www.instagram.com/chicoselas",
          "value": "chicoselas",
          "timestamp": 1730060195
        }
      ]
    },
    {
      "title": "",
      "media_list_data": [
        
      ],
      "string_list_data": [
        {
          "href": "https://www.instagram.com/telmocouto",
          "value": "telmocouto",
          "timestamp": 1730023430
        }
      ]
    },
    {
      "title": "",
      "media_list_data": [
        
      ],
      "string_list_data": [
        {
          "href": "https://www.instagram.com/joseduarte6992",
          "value": "joseduarte6992",
          "timestamp": 1730023355
        }
      ]
    },
    {
      "title": "",
      "media_list_data": [
        
      ],
      "string_list_data": [
        {
          "href": "https://www.instagram.com/rr.bears",
          "value": "rr.bears",
          "timestamp": 1730023289
        }
      ]
    },
    {
      "title": "",
      "media_list_data": [
        
      ],
      "string_list_data": [
        {
          "href": "https://www.instagram.com/thetajikfamily",
          "value": "thetajikfamily",
          "timestamp": 1729940671
        }
      ]
    },
    {
      "title": "",
      "media_list_data": [
        
      ],
      "string_list_data": [
        {
          "href": "https://www.instagram.com/carlos1969barcelona",
          "value": "carlos1969barcelona",
          "timestamp": 1729928424
        }
      ]
    },
    {
      "title": "",
      "media_list_data": [
        
      ],
      "string_list_data": [
        {
          "href": "https://www.instagram.com/danyrodry16",
          "value": "danyrodry16",
          "timestamp": 1729817982
        }
      ]
    },
    {
      "title": "",
      "media_list_data": [
        
      ],
      "string_list_data": [
        {
          "href": "https://www.instagram.com/ernanivieira",
          "value": "ernanivieira",
          "timestamp": 1729801881
        }
      ]
    },
    {
      "title": "",
      "media_list_data": [
        
      ],
      "string_list_data": [
        {
          "href": "https://www.instagram.com/giuseppe.gius.gius",
          "value": "giuseppe.gius.gius",
          "timestamp": 1729755186
        }
      ]
    },
    {
      "title": "",
      "media_list_data": [
        
      ],
      "string_list_data": [
        {
          "href": "https://www.instagram.com/colabor.pt",
          "value": "colabor.pt",
          "timestamp": 1729731269
        }
      ]
    },
    {
      "title": "",
      "media_list_data": [
        
      ],
      "string_list_data": [
        {
          "href": "https://www.instagram.com/tiagomsamaral",
          "value": "tiagomsamaral",
          "timestamp": 1729709287
        }
      ]
    },
    {
      "title": "",
      "media_list_data": [
        
      ],
      "string_list_data": [
        {
          "href": "https://www.instagram.com/luiscdbraga",
          "value": "luiscdbraga",
          "timestamp": 1729685276
        }
      ]
    },
    {
      "title": "",
      "media_list_data": [
        
      ],
      "string_list_data": [
        {
          "href": "https://www.instagram.com/gbmadureira12",
          "value": "gbmadureira12",
          "timestamp": 1729621978
        }
      ]
    },
    {
      "title": "",
      "media_list_data": [
        
      ],
      "string_list_data": [
        {
          "href": "https://www.instagram.com/tiagofsdias",
          "value": "tiagofsdias",
          "timestamp": 1729573221
        }
      ]
    },
    {
      "title": "",
      "media_list_data": [
        
      ],
      "string_list_data": [
        {
          "href": "https://www.instagram.com/champagnecubby",
          "value": "champagnecubby",
          "timestamp": 1729546510
        }
      ]
    },
    {
      "title": "",
      "media_list_data": [
        
      ],
      "string_list_data": [
        {
          "href": "https://www.instagram.com/how_to_dont_love_bacon",
          "value": "how_to_dont_love_bacon",
          "timestamp": 1729545577
        }
      ]
    },
    {
      "title": "",
      "media_list_data": [
        
      ],
      "string_list_data": [
        {
          "href": "https://www.instagram.com/filipematos364",
          "value": "filipematos364",
          "timestamp": 1729545246
        }
      ]
    },
    {
      "title": "",
      "media_list_data": [
        
      ],
      "string_list_data": [
        {
          "href": "https://www.instagram.com/peterbear",
          "value": "peterbear",
          "timestamp": 1729544923
        }
      ]
    },
    {
      "title": "",
      "media_list_data": [
        
      ],
      "string_list_data": [
        {
          "href": "https://www.instagram.com/simaocardoso",
          "value": "simaocardoso",
          "timestamp": 1729544797
        }
      ]
    },
    {
      "title": "",
      "media_list_data": [
        
      ],
      "string_list_data": [
        {
          "href": "https://www.instagram.com/muju",
          "value": "muju",
          "timestamp": 1729544731
        }
      ]
    },
    {
      "title": "",
      "media_list_data": [
        
      ],
      "string_list_data": [
        {
          "href": "https://www.instagram.com/joaos_lab",
          "value": "joaos_lab",
          "timestamp": 1729529286
        }
      ]
    },
    {
      "title": "",
      "media_list_data": [
        
      ],
      "string_list_data": [
        {
          "href": "https://www.instagram.com/hugo025v",
          "value": "hugo025v",
          "timestamp": 1729529261
        }
      ]
    },
    {
      "title": "",
      "media_list_data": [
        
      ],
      "string_list_data": [
        {
          "href": "https://www.instagram.com/reincidente.habitual",
          "value": "reincidente.habitual",
          "timestamp": 1729529190
        }
      ]
    },
    {
      "title": "",
      "media_list_data": [
        
      ],
      "string_list_data": [
        {
          "href": "https://www.instagram.com/paulocimo",
          "value": "paulocimo",
          "timestamp": 1729328347
        }
      ]
    },
    {
      "title": "",
      "media_list_data": [
        
      ],
      "string_list_data": [
        {
          "href": "https://www.instagram.com/filipe_c_freitas",
          "value": "filipe_c_freitas",
          "timestamp": 1729328324
        }
      ]
    },
    {
      "title": "",
      "media_list_data": [
        
      ],
      "string_list_data": [
        {
          "href": "https://www.instagram.com/blueshoob",
          "value": "blueshoob",
          "timestamp": 1729328038
        }
      ]
    },
    {
      "title": "",
      "media_list_data": [
        
      ],
      "string_list_data": [
        {
          "href": "https://www.instagram.com/veigajoel__",
          "value": "veigajoel__",
          "timestamp": 1729327974
        }
      ]
    },
    {
      "title": "",
      "media_list_data": [
        
      ],
      "string_list_data": [
        {
          "href": "https://www.instagram.com/luis93miller",
          "value": "luis93miller",
          "timestamp": 1729327886
        }
      ]
    },
    {
      "title": "",
      "media_list_data": [
        
      ],
      "string_list_data": [
        {
          "href": "https://www.instagram.com/flaviosousa2377",
          "value": "flaviosousa2377",
          "timestamp": 1729327860
        }
      ]
    },
    {
      "title": "",
      "media_list_data": [
        
      ],
      "string_list_data": [
        {
          "href": "https://www.instagram.com/pedrovimioso",
          "value": "pedrovimioso",
          "timestamp": 1729327835
        }
      ]
    },
    {
      "title": "",
      "media_list_data": [
        
      ],
      "string_list_data": [
        {
          "href": "https://www.instagram.com/danielpercard",
          "value": "danielpercard",
          "timestamp": 1729327766
        }
      ]
    },
    {
      "title": "",
      "media_list_data": [
        
      ],
      "string_list_data": [
        {
          "href": "https://www.instagram.com/kaue.m4a",
          "value": "kaue.m4a",
          "timestamp": 1729327713
        }
      ]
    },
    {
      "title": "",
      "media_list_data": [
        
      ],
      "string_list_data": [
        {
          "href": "https://www.instagram.com/pedro_1982_",
          "value": "pedro_1982_",
          "timestamp": 1729327692
        }
      ]
    },
    {
      "title": "",
      "media_list_data": [
        
      ],
      "string_list_data": [
        {
          "href": "https://www.instagram.com/victor82",
          "value": "victor82",
          "timestamp": 1729327672
        }
      ]
    },
    {
      "title": "",
      "media_list_data": [
        
      ],
      "string_list_data": [
        {
          "href": "https://www.instagram.com/manuel.rito.remax",
          "value": "manuel.rito.remax",
          "timestamp": 1729327665
        }
      ]
    },
    {
      "title": "",
      "media_list_data": [
        
      ],
      "string_list_data": [
        {
          "href": "https://www.instagram.com/64paulojorge",
          "value": "64paulojorge",
          "timestamp": 1729327657
        }
      ]
    },
    {
      "title": "",
      "media_list_data": [
        
      ],
      "string_list_data": [
        {
          "href": "https://www.instagram.com/davidgomespt",
          "value": "davidgomespt",
          "timestamp": 1729327645
        }
      ]
    },
    {
      "title": "",
      "media_list_data": [
        
      ],
      "string_list_data": [
        {
          "href": "https://www.instagram.com/odesimposto",
          "value": "odesimposto",
          "timestamp": 1729327624
        }
      ]
    },
    {
      "title": "",
      "media_list_data": [
        
      ],
      "string_list_data": [
        {
          "href": "https://www.instagram.com/marques_criativo",
          "value": "marques_criativo",
          "timestamp": 1729327611
        }
      ]
    },
    {
      "title": "",
      "media_list_data": [
        
      ],
      "string_list_data": [
        {
          "href": "https://www.instagram.com/alberto.da.silva.mendes",
          "value": "alberto.da.silva.mendes",
          "timestamp": 1729327583
        }
      ]
    },
    {
      "title": "",
      "media_list_data": [
        
      ],
      "string_list_data": [
        {
          "href": "https://www.instagram.com/kjvoverbeeke",
          "value": "kjvoverbeeke",
          "timestamp": 1729327573
        }
      ]
    },
    {
      "title": "",
      "media_list_data": [
        
      ],
      "string_list_data": [
        {
          "href": "https://www.instagram.com/jorgevieirasilva",
          "value": "jorgevieirasilva",
          "timestamp": 1729327547
        }
      ]
    },
    {
      "title": "",
      "media_list_data": [
        
      ],
      "string_list_data": [
        {
          "href": "https://www.instagram.com/miguel_lourenco_albuquerque",
          "value": "miguel_lourenco_albuquerque",
          "timestamp": 1729327447
        }
      ]
    },
    {
      "title": "",
      "media_list_data": [
        
      ],
      "string_list_data": [
        {
          "href": "https://www.instagram.com/brunomrduarte",
          "value": "brunomrduarte",
          "timestamp": 1729327395
        }
      ]
    },
    {
      "title": "",
      "media_list_data": [
        
      ],
      "string_list_data": [
        {
          "href": "https://www.instagram.com/santoscasteloguera",
          "value": "santoscasteloguera",
          "timestamp": 1729327346
        }
      ]
    },
    {
      "title": "",
      "media_list_data": [
        
      ],
      "string_list_data": [
        {
          "href": "https://www.instagram.com/chrisofthexucus",
          "value": "chrisofthexucus",
          "timestamp": 1729327311
        }
      ]
    },
    {
      "title": "",
      "media_list_data": [
        
      ],
      "string_list_data": [
        {
          "href": "https://www.instagram.com/pokerplayer2024",
          "value": "pokerplayer2024",
          "timestamp": 1729277326
        }
      ]
    },
    {
      "title": "",
      "media_list_data": [
        
      ],
      "string_list_data": [
        {
          "href": "https://www.instagram.com/fjsmorgado",
          "value": "fjsmorgado",
          "timestamp": 1729277114
        }
      ]
    },
    {
      "title": "",
      "media_list_data": [
        
      ],
      "string_list_data": [
        {
          "href": "https://www.instagram.com/brunomscardo",
          "value": "brunomscardo",
          "timestamp": 1729277075
        }
      ]
    },
    {
      "title": "",
      "media_list_data": [
        
      ],
      "string_list_data": [
        {
          "href": "https://www.instagram.com/raphsfreitas",
          "value": "raphsfreitas",
          "timestamp": 1729234267
        }
      ]
    },
    {
      "title": "",
      "media_list_data": [
        
      ],
      "string_list_data": [
        {
          "href": "https://www.instagram.com/nunoarouca",
          "value": "nunoarouca",
          "timestamp": 1729218691
        }
      ]
    },
    {
      "title": "",
      "media_list_data": [
        
      ],
      "string_list_data": [
        {
          "href": "https://www.instagram.com/raulmetc",
          "value": "raulmetc",
          "timestamp": 1729098774
        }
      ]
    }
  ]
}