{
  "relationships_dismissed_suggested_users": [
    {
      "title": "",
      "media_list_data": [
        
      ],
      "string_list_data": [
        {
          "href": "https://www.instagram.com/pedrolemos228",
          "value": "pedrolemos228",
          "timestamp": 1730737222
        }
      ]
    },
    {
      "title": "",
      "media_list_data": [
        
      ],
      "string_list_data": [
        {
          "href": "https://www.instagram.com/gu.amaral1696",
          "value": "gu.amaral1696",
          "timestamp": 1729706901
        }
      ]
    },
    {
      "title": "",
      "media_list_data": [
        
      ],
      "string_list_data": [
        {
          "href": "https://www.instagram.com/josecc1959",
          "value": "josecc1959",
          "timestamp": 1728595931
        }
      ]
    },
    {
      "title": "",
      "media_list_data": [
        
      ],
      "string_list_data": [
        {
          "href": "https://www.instagram.com/ruicosta506",
          "value": "ruicosta506",
          "timestamp": 1728595930
        }
      ]
    },
    {
      "title": "",
      "media_list_data": [
        
      ],
      "string_list_data": [
        {
          "href": "https://www.instagram.com/andrefreitas9965",
          "value": "andrefreitas9965",
          "timestamp": 1728595929
        }
      ]
    },
    {
      "title": "",
      "media_list_data": [
        
      ],
      "string_list_data": [
        {
          "href": "https://www.instagram.com/brunoproenca43",
          "value": "brunoproenca43",
          "timestamp": 1662708146
        }
      ]
    },
    {
      "title": "",
      "media_list_data": [
        
      ],
      "string_list_data": [
        {
          "href": "https://www.instagram.com/goncalo_moura_1984",
          "value": "goncalo_moura_1984",
          "timestamp": 1662708145
        }
      ]
    },
    {
      "title": "",
      "media_list_data": [
        
      ],
      "string_list_data": [
        {
          "href": "https://www.instagram.com/sergiohenriquebraz",
          "value": "sergiohenriquebraz",
          "timestamp": 1662708143
        }
      ]
    },
    {
      "title": "",
      "media_list_data": [
        
      ],
      "string_list_data": [
        {
          "href": "https://www.instagram.com/pedacinhos_dalma",
          "value": "pedacinhos_dalma",
          "timestamp": 1662641816
        }
      ]
    },
    {
      "title": "",
      "media_list_data": [
        
      ],
      "string_list_data": [
        {
          "href": "https://www.instagram.com/r.bernardes.americantiga",
          "value": "r.bernardes.americantiga",
          "timestamp": 1662641815
        }
      ]
    },
    {
      "title": "",
      "media_list_data": [
        
      ],
      "string_list_data": [
        {
          "href": "https://www.instagram.com/nuno4485_",
          "value": "nuno4485_",
          "timestamp": 1662197987
        }
      ]
    },
    {
      "title": "",
      "media_list_data": [
        
      ],
      "string_list_data": [
        {
          "href": "https://www.instagram.com/geremiaspoize",
          "value": "geremiaspoize",
          "timestamp": 1651491673
        }
      ]
    },
    {
      "title": "",
      "media_list_data": [
        
      ],
      "string_list_data": [
        {
          "href": "https://www.instagram.com/pedromvcosta",
          "value": "pedromvcosta",
          "timestamp": 1651491672
        }
      ]
    },
    {
      "title": "",
      "media_list_data": [
        
      ],
      "string_list_data": [
        {
          "href": "https://www.instagram.com/hugorodriguesr33",
          "value": "hugorodriguesr33",
          "timestamp": 1651491671
        }
      ]
    },
    {
      "title": "",
      "media_list_data": [
        
      ],
      "string_list_data": [
        {
          "href": "https://www.instagram.com/joaoo_40",
          "value": "joaoo_40",
          "timestamp": 1651473167
        }
      ]
    },
    {
      "title": "",
      "media_list_data": [
        
      ],
      "string_list_data": [
        {
          "href": "https://www.instagram.com/greenstreet_fitness",
          "value": "greenstreet_fitness",
          "timestamp": 1651473165
        }
      ]
    },
    {
      "title": "",
      "media_list_data": [
        
      ],
      "string_list_data": [
        {
          "href": "https://www.instagram.com/pedromiguel_s",
          "value": "pedromiguel_s",
          "timestamp": 1651473161
        }
      ]
    },
    {
      "title": "",
      "media_list_data": [
        
      ],
      "string_list_data": [
        {
          "href": "https://www.instagram.com/patopatudoforever",
          "value": "patopatudoforever",
          "timestamp": 1651473160
        }
      ]
    },
    {
      "title": "",
      "media_list_data": [
        
      ],
      "string_list_data": [
        {
          "href": "https://www.instagram.com/bearchase_pt",
          "value": "bearchase_pt",
          "timestamp": 1634842469
        }
      ]
    },
    {
      "title": "",
      "media_list_data": [
        
      ],
      "string_list_data": [
        {
          "href": "https://www.instagram.com/nunomiguel.oliveira.106",
          "value": "nunomiguel.oliveira.106",
          "timestamp": 1634842460
        }
      ]
    },
    {
      "title": "",
      "media_list_data": [
        
      ],
      "string_list_data": [
        {
          "href": "https://www.instagram.com/pekenu_kub",
          "value": "pekenu_kub",
          "timestamp": 1634842458
        }
      ]
    },
    {
      "title": "",
      "media_list_data": [
        
      ],
      "string_list_data": [
        {
          "href": "https://www.instagram.com/rude.recipes",
          "value": "rude.recipes",
          "timestamp": 1605763104
        }
      ]
    }
  ]
}